<?xml version="1.0" encoding="UTF-8"?>
<document type="com.apple.InterfaceBuilder3.CocoaTouch.Storyboard.XIB" version="3.0" toolsVersion="21701" targetRuntime="iOS.CocoaTouch" propertyAccessControl="none" useAutolayout="YES" launchScreen="YES" useTraitCollections="YES" useSafeAreas="YES" colorMatched="YES" initialViewController="01J-lp-oVM">
    <device id="retina6_12" orientation="portrait" appearance="light"/>
    <dependencies>
        <plugIn identifier="com.apple.InterfaceBuilder.IBCocoaTouchPlugin" version="21678"/>
        <capability name="Safe area layout guides" minToolsVersion="9.0"/>
        <capability name="documents saved in the Xcode 8 format" minToolsVersion="8.0"/>
    </dependencies>
    <scenes>
        <!--View Controller-->
        <scene sceneID="EHf-IW-A2E">
            <objects>
                <viewController id="01J-lp-oVM" sceneMemberID="viewController">
                    <view key="view" contentMode="scaleToFill" id="Ze5-6b-2t3">
                        <rect key="frame" x="0.0" y="0.0" width="393" height="852"/>
                        <autoresizingMask key="autoresizingMask" widthSizable="YES" heightSizable="YES"/>
                        <subviews>
                            <imageView clipsSubviews="YES" userInteractionEnabled="NO" contentMode="scaleAspectFit" horizontalHuggingPriority="251" verticalHuggingPriority="251" misplaced="YES" image="Logo" translatesAutoresizingMaskIntoConstraints="NO" id="zdW-vF-Bb8">
                                <rect key="frame" x="76" y="128" width="240" height="224"/>
                                <constraints>
                                    <constraint firstAttribute="height" constant="224" id="IBi-Qe-od2"/>
                                </constraints>
                            </imageView>
                            <label opaque="NO" userInteractionEnabled="NO" contentMode="left" horizontalHuggingPriority="251" verticalHuggingPriority="251" text="CEAG.inc" textAlignment="natural" lineBreakMode="tailTruncation" baselineAdjustment="alignBaselines" adjustsFontSizeToFit="NO" translatesAutoresizingMaskIntoConstraints="NO" id="wbU-YK-nJI">
                                <rect key="frame" x="153" y="765" width="103" height="30"/>
                                <color key="tintColor" red="0.99607843139999996" green="0.92549019610000005" blue="0.93333333330000001" alpha="1" colorSpace="calibratedRGB"/>
                                <fontDescription key="fontDescription" type="system" pointSize="25"/>
                                <color key="textColor" red="1" green="0.81060059269999996" blue="0.92225617059999998" alpha="1" colorSpace="custom" customColorSpace="sRGB"/>
                                <nil key="highlightedColor"/>
                            </label>
                            <label opaque="NO" userInteractionEnabled="NO" contentMode="left" horizontalHuggingPriority="251" verticalHuggingPriority="251" text="Health Delivery" textAlignment="natural" lineBreakMode="tailTruncation" baselineAdjustment="alignBaselines" adjustsFontSizeToFit="NO" translatesAutoresizingMaskIntoConstraints="NO" id="abl-Zx-UXv">
                                <rect key="frame" x="103" y="464" width="203" height="37"/>
                                <color key="tintColor" red="0.99607843137254903" green="0.92549019607843142" blue="0.93333333333333335" alpha="1" colorSpace="calibratedRGB"/>
                                <fontDescription key="fontDescription" type="system" pointSize="31"/>
                                <color key="textColor" red="1" green="0.81060059273303575" blue="0.92225617057187503" alpha="1" colorSpace="custom" customColorSpace="sRGB"/>
                                <nil key="highlightedColor"/>
                            </label>
                        </subviews>
                        <viewLayoutGuide key="safeArea" id="6Tk-OE-BBY"/>
                        <color key="backgroundColor" white="0.0" alpha="1" colorSpace="custom" customColorSpace="genericGamma22GrayColorSpace"/>
                        <constraints>
                            <constraint firstAttribute="bottom" secondItem="abl-Zx-UXv" secondAttribute="bottom" constant="351" id="2Il-8C-cZ0"/>
                            <constraint firstItem="wbU-YK-nJI" firstAttribute="leading" secondItem="6Tk-OE-BBY" secondAttribute="leading" constant="153" id="429-fg-F1M"/>
                            <constraint firstItem="zdW-vF-Bb8" firstAttribute="centerX" secondItem="Ze5-6b-2t3" secondAttribute="centerX" id="8GF-hr-Gkd"/>
                            <constraint firstItem="zdW-vF-Bb8" firstAttribute="top" secondItem="6Tk-OE-BBY" secondAttribute="top" constant="69" id="Er2-g8-Ype"/>
                            <constraint firstItem="zdW-vF-Bb8" firstAttribute="centerX" secondItem="abl-Zx-UXv" secondAttribute="centerX" constant="-8.5" id="FPQ-IU-rJh"/>
                            <constraint firstItem="zdW-vF-Bb8" firstAttribute="leading" secondItem="6Tk-OE-BBY" secondAttribute="leading" constant="76" id="GOf-dd-bLa"/>
                            <constraint firstItem="6Tk-OE-BBY" firstAttribute="bottom" secondItem="wbU-YK-nJI" secondAttribute="bottom" constant="23" id="vYs-Sa-D6A"/>
                        </constraints>
                    </view>
                </viewController>
                <placeholder placeholderIdentifier="IBFirstResponder" id="iYj-Kq-Ea1" userLabel="First Responder" sceneMemberID="firstResponder"/>
            </objects>
            <point key="canvasLocation" x="52.671755725190835" y="374.64788732394368"/>
        </scene>
    </scenes>
    <resources>
        <image name="Logo" width="1500" height="1500"/>
    </resources>
</document>
